Time,Description
Sat Apr 13 14:15:19 IST 2024,null
2024-04-20 16:16:54,A pillow.
2024-04-20 16:19:27,It's a scarf.
2024-04-20 16:20:17,A phone.
2024-04-20 16:21:28,Sunscreen cream.
2024-04-20 16:22:14,A chair.
2024-04-20 16:23:46,A phone charger.
2024-04-20 16:26:20,A phone.
2024-04-20 16:31:55,A phone.
2024-04-20 16:35:08,A spoon with powder
2024-04-20 16:36:56,A parrot.
2024-04-20 16:36:59,A parrot.
2024-04-20 16:38:10,It is dark and I cannot see anything.
2024-04-20 16:39:05,A photo of static
2024-04-20 16:41:04,A photo of carpet
2024-04-20 16:42:01,A bird
2024-04-20 16:43:51,It is a bowl.
2024-04-20 16:44:52,A phone.
2024-04-20 16:47:57,A cup of tea
